Undergraduate Institution,Total Applicants from the Institution,year
"University of California-Los Angeles, Los Angeles, CA",1014,2018
"University of Florida, Gainesville, FL",852,2018
"University of Michigan-Ann Arbor, Ann Arbor, MI",815,2018
"University of Texas at Austin, Austin, TX",747,2018
"University of California-Berkeley, Berkeley, CA",662,2018
"University of California-San Diego, La Jolla, CA",578,2018
"The Ohio State University Main Campus, Columbus, OH",501,2018
"University of North Carolina at Chapel Hill, Chapel Hill, NC",496,2018
"University of Georgia, Athens, GA",486,2018
"University of Wisconsin-Madison, Madison, WI",467,2018
"Rutgers University - New Brunswick, New Brunswick, NJ",448,2018
"University of Washington, Seattle, WA",444,2018
"Cornell University, Ithaca, NY",435,2018
"University of California-Davis, Davis, CA",435,2018
"Texas A & M University, College Station, TX",434,2018
"Michigan State University, East Lansing, MI",404,2018
"University of Virginia, Charlottesville, VA",401,2018
"Brigham Young University, Provo, UT",400,2018
"University of South Florida, Tampa, FL",397,2018
"Johns Hopkins University, Baltimore, MD",388,2018
"Washington University in St. Louis, St. Louis, MO",388,2018
"University of Arizona, Tucson, AZ",383,2018
"University of Illinois at Urbana-Champaign, Champaign, IL",381,2018
"Florida State University, Tallahassee, FL",378,2018
"University of California-Irvine, Irvine, CA",366,2018
"University of Maryland-College Park, College Park, MD",364,2018
"Emory University, Atlanta, GA",363,2018
"University of Miami, Coral Gables, FL",361,2018
"Duke University, Durham, NC",350,2018
"Louisiana St University and Agricultural and Mechanical Col, Baton Rouge, LA",349,2018
"Arizona State University, Tempe, AZ",339,2018
"University of Minnesota, Minneapolis, MN",332,2018
"University of Pittsburgh, Pittsburgh, PA",331,2018
"University of Pennsylvania, Philadelphia, PA",330,2018
"The University of Texas at Dallas, Richardson, TX",317,2018
"Penn State University Park, University Park, PA",308,2018
"University of Southern California, Los Angeles, CA",302,2018
"Boston University, Boston, MA",297,2018
"University of Central Florida, Orlando, FL",296,2018
"Baylor University, Waco, TX",293,2018
"New York University, New York City, NY",290,2018
"University of Notre Dame, Notre Dame, IN",276,2018
"Indiana University-Bloomington, Bloomington, IN",275,2018
"University of South Carolina Columbia, Columbia, SC",271,2018
"Harvard University, Cambridge, MA",270,2018
"Vanderbilt University, Nashville, TN",268,2018
"University of Toronto, Toronto, ON",247,2018
"Florida International University, Miami, FL",245,2018
"Stanford University, Stanford, CA",241,2018
"University of Tennessee-Knoxville, Knoxville, TN",240,2018
"University of Illinois at Chicago, Chicago, IL",238,2018
"Brown University, Providence, RI",235,2018
"Loyola University Chicago, Chicago, IL",232,2018
"Northwestern University-Evanston, Evanston, IL",232,2018
"Clemson University, Clemson, SC",229,2018
"University of Oklahoma Norman Campus, Norman, OK",228,2018
"The University of Alabama, Tuscaloosa, AL",226,2018
"University of Houston, Houston, TX",226,2018
"Stony Brook University, Stony Brook, NY",220,2018
"Case Western Reserve University, Cleveland, OH",219,2018
"University of Puerto Rico-Rio Piedras Campus, Rio Piedras, PR",218,2018
"University of California-Riverside, Riverside, CA",216,2018
"University of Kansas Main Campus, Lawrence, KS",215,2018
"University of Kentucky, Lexington, KY",215,2018
"The University of Utah, Salt Lake City, UT",209,2018
"Virginia Commonwealth University, Richmond, VA",209,2018
"Rice University, Houston, TX",206,2018
"University of Connecticut, Storrs, CT",203,2018
"Wayne State University, Detroit, MI",199,2018
"State University of New York at Binghamton, Binghamton, NY",196,2018
"University of New Mexico-Main Campus, Albuquerque, NM",193,2018
"Columbia University in the City of New York, New York City, NY",191,2018
"Yale University, New Haven, CT",190,2018
"Tulane University, New Orleans, LA",189,2018
"University of Colorado at Boulder, Boulder, CO",186,2018
"University of Iowa, Iowa City, IA",186,2018
"Texas Tech University-Lubbock, Lubbock, TX",180,2018
"Boston College, Chestnut Hill, MA",179,2018
"Saint Louis University, St. Louis, MO",175,2018
"University of California-Santa Barbara, Santa Barbara, CA",174,2018
"Georgia Institute of Technology, Atlanta, GA",171,2018
"University of Chicago, Chicago, IL",171,2018
"Virginia Polytechnic Institute and State University, Blacksburg, VA",171,2018
"Georgetown University, Washington, DC",170,2018
"University of Rochester, Rochester, NY",170,2018
"University of Western Ontario, London, ON",168,2018
"Auburn University, Auburn, AL",167,2018
"University of Arkansas Main Campus, Fayetteville, AR",165,2018
"College of William & Mary, Williamsburg, VA",163,2018
"Purdue University-Main Campus, West Lafayette, IN",163,2018
"University of Massachusetts-Amherst, Amherst, MA",163,2018
"McGill University, Montreal, QC",160,2018
"Florida Atlantic University-Boca Raton, Boca Raton, FL",157,2018
"Princeton University, Princeton, NJ",157,2018
"Creighton University, Omaha, NE",156,2018
"Dartmouth College, Hanover, NH",154,2018
"University of Missouri-Columbia, Columbia, MO",153,2018
"Tufts University, Medford, MA",148,2018
"McMaster University, Hamilton, ON",146,2018
"Northeastern University, Boston, MA",145,2018
"University of Alabama at Birmingham, Birmingham, AL",145,2018
"George Washington University, Washington, DC",142,2018
"University of Nebraska - Lincoln, Lincoln, NE",140,2018
"University of Maryland-Baltimore County, Baltimore, MD",138,2018
"University of Mississippi, University, MS",138,2018
"Mississippi State University, Mississippi State, MS",137,2018
"Temple University, Philadelphia, PA",137,2018
"North Carolina State University, Raleigh, NC",134,2018
"Georgia State University, Atlanta, GA",133,2018
"University of Texas at San Antonio, San Antonio, TX",130,2018
"Drexel University, Philadelphia, PA",128,2018
"Miami University, Oxford, OH",127,2018
"The University of Texas Rio Grande Valley, Edinburg, TX",127,2018
"Howard University, Washington, DC",126,2018
"Wake Forest University, Winston-Salem, NC",125,2018
"University of Nevada-Reno, Reno, NV",124,2018
"West Virginia University, Morgantown, WV",123,2018
"University of North Texas, Denton, TX",116,2018
"Oakland University, Rochester, MI",108,2018
"George Mason University, Fairfax, VA",107,2018
"The University of Texas at Arlington, Arlington, TX",107,2018
"University of California-Santa Cruz, Santa Cruz, CA",107,2018
"University of Oregon, Eugene, OR",106,2018
"Grand Valley State University, Allendale, MI",105,2018
"University of Cincinnati Main Campus, Cincinnati, OH",105,2018
"University of Hawaii at Manoa, Honolulu, HI",105,2018
"Colorado State University, Fort Collins, CO",104,2018
"University of Nevada-Las Vegas, Las Vegas, NV",104,2018
"Xavier University of Louisiana, New Orleans, LA",104,2018
"City University of New York Hunter College, New York City, NY",101,2018
"Kansas State University, Manhattan, KS",101,2018
"University of Louisville, Louisville, KY",101,2018
"Fordham University, Bronx, NY",99,2018
"Syracuse University, Syracuse, NY",98,2018
"Villanova University, Villanova, PA",98,2018
"University of Puerto Rico-Mayaguez Campus, Mayaguez, PR",96,2018
"Brandeis University, Waltham, MA",95,2018
"University of British Columbia, Vancouver, BC",93,2018
"University of Delaware, Newark, DE",93,2018
"Wesleyan University, Middletown, CT",91,2018
"Marquette University, Milwaukee, WI",89,2018
"Massachusetts Institute of Technology, Cambridge, MA",89,2018
"Oregon State University, Corvallis, OR",87,2018
"University of North Dakota, Grand Forks, ND",87,2018
"Southern Methodist University, Dallas, TX",86,2018
"The College Of New Jersey, Ewing, NJ",86,2018
"Kent State University Kent Campus, Kent, OH",83,2018
"Indiana University-Purdue University-Indianapolis, Indianapolis, IN",79,2018
"Nova Southeastern University, Fort Lauderdale, FL",78,2018
"The University of Akron, Main Campus, Akron, OH",76,2018
"University of Dayton, Dayton, OH",76,2018
"University of Texas at El Paso, El Paso, TX",76,2018
"East Carolina University, Greenville, NC",75,2018
"City University of New York Brooklyn College, Brooklyn, NY",74,2018
"Wellesley College, Wellesley, MA",74,2018
"Iowa State University, Ames, IA",73,2018
"Portland State University, Portland, OR",73,2018
"Santa Clara University, Santa Clara, CA",73,2018
"City University of New York The City College, New York City, NY",72,2018
"Pomona College, Claremont, CA",72,2018
"University at Albany, SUNY, Albany, NY",71,2018
"Texas Christian University, Fort Worth, TX",70,2018
"Amherst College, Amherst, MA",69,2018
"College of Charleston, Charleston, SC",68,2018
"University of Colorado Denver | Anschutz Medical Campus, Denver, CO",67,2018
"Oklahoma State University, Stillwater, OK",66,2018
"Williams College, Williamstown, MA",66,2018
"Colgate University, Hamilton, NY",65,2018
"Rhodes College, Memphis, TN",65,2018
"University of Denver, Denver, CO",65,2018
"Central Michigan University, Mount Pleasant, MI",64,2018
"Montana State University-Bozeman, Bozeman, MT",64,2018
"San Diego State University, San Diego, CA",64,2018
"University at Buffalo-SUNY, Buffalo, NY",64,2018
"University of Vermont, Burlington, VT",64,2018
"Furman University, Greenville, SC",63,2018
"University of Michigan-Dearborn, Dearborn, MI",63,2018
"Gonzaga University, Spokane, WA",62,2018
"Spelman College, Atlanta, GA",62,2018
"Marshall University, Huntington, WV",61,2018
"College of the Holy Cross, Worcester, MA",60,2018
"University of San Diego, San Diego, CA",60,2018
"Carnegie Mellon University, Pittsburgh, PA",59,2018
"Texas State University-San Marcos, San Marcos, TX",59,2018
"University of Toledo, Toledo, OH",58,2018
"Washington State University, Pullman, WA",58,2018
"California Polytechnic State University-San Luis Obispo, San Luis Obispo, CA",57,2018
"Davidson College, Davidson, NC",57,2018
"The University of Scranton, Scranton, PA",57,2018
"Yeshiva University (New York, NY), New York City, NY",57,2018
"York University, Toronto, ON",57,2018
"Hofstra University, Hempstead, NY",56,2018
"Carleton College, Northfield, MN",55,2018
"Northern Arizona University, Flagstaff, AZ",55,2018
"University of Minnesota-Duluth, Duluth, MN",55,2018
"University of South Alabama, Mobile, AL",55,2018
"Vassar College, Poughkeepsie, NY",55,2018
"Loyola Marymount University, Los Angeles, CA",54,2018
"Middle Tennessee State University, Murfreesboro, TN",54,2018
"Mississippi College, Clinton, MS",54,2018
"Barnard College, New York City, NY",53,2018
"Queen's University at Kingston, Kingston, ON",53,2018
"Utah State University, Logan, UT",53,2018
"San Francisco State University, San Francisco, CA",52,2018
"University of North Carolina-Wilmington, Wilmington, NC",52,2018
"Brigham Young University-Idaho, Rexburg, ID",51,2018
"Kennesaw State University, Kennesaw, GA",51,2018
"North Dakota State University Main Campus, Fargo, ND",51,2018
"St. Olaf College, Northfield, MN",51,2018
"Western Kentucky University, Bowling Green, KY",51,2018
"Wichita State University, Wichita, KS",51,2018
"State University of New York College at Geneseo, Geneseo, NY",50,2018
"University of California-Los Angeles, Los Angeles, CA",1014,2019
"University of Florida, Gainesville, FL",860,2019
"University of Texas at Austin, Austin, TX",816,2019
"University of Michigan-Ann Arbor, Ann Arbor, MI",796,2019
"University of California-Berkeley, Berkeley, CA",697,2019
"University of California-San Diego, La Jolla, CA",564,2019
"The Ohio State University Main Campus, Columbus, OH",562,2019
"Texas A & M University, College Station, TX",514,2019
"University of North Carolina at Chapel Hill, Chapel Hill, NC",510,2019
"University of Wisconsin-Madison, Madison, WI",509,2019
"University of California-Davis, Davis, CA",474,2019
"University of Washington, Seattle, WA",446,2019
"Brigham Young University, Provo, UT",442,2019
"Rutgers University - New Brunswick, New Brunswick, NJ",441,2019
"University of Georgia, Athens, GA",440,2019
"Cornell University, Ithaca, NY",433,2019
"Johns Hopkins University, Baltimore, MD",428,2019
"University of Virginia, Charlottesville, VA",424,2019
"University of South Florida, Tampa, FL",407,2019
"Michigan State University, East Lansing, MI",383,2019
"Washington University in St. Louis, St. Louis, MO",370,2019
"University of Arizona, Tucson, AZ",362,2019
"University of Minnesota, Minneapolis, MN",362,2019
"University of Maryland-College Park, College Park, MD",358,2019
"The University of Texas at Dallas, Richardson, TX",352,2019
"Emory University, Atlanta, GA",349,2019
"Duke University, Durham, NC",346,2019
"Louisiana St University and Agricultural and Mechanical Col, Baton Rouge, LA",345,2019
"University of Illinois at Urbana-Champaign, Champaign, IL",345,2019
"Florida State University, Tallahassee, FL",342,2019
"University of Pittsburgh, Pittsburgh, PA",339,2019
"University of California-Irvine, Irvine, CA",338,2019
"University of Miami, Coral Gables, FL",337,2019
"Arizona State University, Tempe, AZ",336,2019
"Baylor University, Waco, TX",335,2019
"University of Southern California, Los Angeles, CA",329,2019
"University of Central Florida, Orlando, FL",320,2019
"New York University, New York, NY",307,2019
"University of Pennsylvania, Philadelphia, PA",299,2019
"Brown University, Providence, RI",289,2019
"Harvard University, Cambridge, MA",283,2019
"Florida International University, Miami, FL",282,2019
"Boston University, Boston, MA",272,2019
"Penn State University Park, University Park, PA",270,2019
"University of Connecticut, Storrs, CT",270,2019
"University of South Carolina Columbia, Columbia, SC",264,2019
"Vanderbilt University, Nashville, TN",262,2019
"Stony Brook University, Stony Brook, NY",260,2019
"University of Notre Dame, Notre Dame, IN",259,2019
"Indiana University-Bloomington, Bloomington, IN",253,2019
"Clemson University, Clemson, SC",248,2019
"University of Illinois at Chicago, Chicago, IL",245,2019
"University of Houston, Houston, TX",243,2019
"Northwestern University-Evanston, Evanston, IL",240,2019
"University of Toronto, Toronto, ON",240,2019
"University of Kentucky, Lexington, KY",234,2019
"University of Oklahoma Norman Campus, Norman, OK",231,2019
"Loyola University Chicago, Chicago, IL",230,2019
"Stanford University, Stanford, CA",223,2019
"University of California-Riverside, Riverside, CA",216,2019
"University of Colorado at Boulder, Boulder, CO",213,2019
"The University of Utah, Salt Lake City, UT",211,2019
"Texas Tech University-Lubbock, Lubbock, TX",206,2019
"University of Puerto Rico-Rio Piedras Campus, Rio Piedras, PR",206,2019
"University of Tennessee-Knoxville, Knoxville, TN",206,2019
"Wayne State University, Detroit, MI",202,2019
"Yale University, New Haven, CT",202,2019
"Case Western Reserve University, Cleveland, OH",199,2019
"The University of Alabama, Tuscaloosa, AL",198,2019
"Rice University, Houston, TX",196,2019
"Columbia University in the City of New York, New York, NY",194,2019
"Virginia Commonwealth University, Richmond, VA",194,2019
"Georgia Institute of Technology, Atlanta, GA",189,2019
"University of Kansas Main Campus, Lawrence, KS",187,2019
"University of Missouri-Columbia, Columbia, MO",187,2019
"University of Western Ontario, London, ON",187,2019
"Northeastern University, Boston, MA",184,2019
"University of Iowa, Iowa City, IA",184,2019
"University of California-Santa Barbara, Santa Barbara, CA",182,2019
"State University of New York at Binghamton, Binghamton, NY",181,2019
"Tulane University, New Orleans, LA",180,2019
"Saint Louis University, St. Louis, MO",179,2019
"University of Mississippi, University, MS",176,2019
"Boston College, Chestnut Hill, MA",175,2019
"Florida Atlantic University-Boca Raton, Boca Raton, FL",170,2019
"University of Arkansas Main Campus, Fayetteville, AR",168,2019
"Auburn University, Auburn, AL",160,2019
"Tufts University, Medford, MA",160,2019
"Wake Forest University, Winston-Salem, NC",159,2019
"Creighton University, Omaha, NE",157,2019
"Dartmouth College, Hanover, NH",155,2019
"The University of Texas at San Antonio, San Antonio, TX",153,2019
"University of Chicago, Chicago, IL",153,2019
"Georgia State University, Atlanta, GA",150,2019
"University of New Mexico-Main Campus, Albuquerque, NM",150,2019
"College of William & Mary, Williamsburg, VA",149,2019
"Georgetown University, Washington, DC",147,2019
"George Washington University, Washington, DC",146,2019
"Miami University, Oxford, OH",146,2019
"Princeton University, Princeton, NJ",143,2019
"The University of Texas at Arlington, Arlington, TX",142,2019
"University of Alabama at Birmingham, Birmingham, AL",142,2019
"University of Massachusetts-Amherst, Amherst, MA",142,2019
"North Carolina State University, Raleigh, NC",141,2019
"University of Rochester, Rochester, NY",141,2019
"Temple University, Philadelphia, PA",138,2019
"Mississippi State University, Mississippi State, MS",131,2019
"University of Nevada-Reno, Reno, NV",131,2019
"Purdue University-Main Campus, West Lafayette, IN",130,2019
"Drexel University, Philadelphia, PA",129,2019
"Oregon State University, Corvallis, OR",128,2019
"Virginia Polytechnic Institute and State University, Blacksburg, VA",124,2019
"West Virginia University, Morgantown, WV",123,2019
"University of Nebraska - Lincoln, Lincoln, NE",122,2019
"University of Oregon, Eugene, OR",122,2019
"McGill University, Montreal, QC",121,2019
"University of Louisville, Louisville, KY",120,2019
"McMaster University, Hamilton, ON",115,2019
"University at Buffalo-SUNY, Buffalo, NY",115,2019
"City University of New York Hunter College, New York, NY",114,2019
"University of Hawaii at Manoa, Honolulu, HI",114,2019
"University of Puerto Rico-Mayaguez Campus, Mayaguez, PR",114,2019
"George Mason University, Fairfax, VA",112,2019
"The University of Texas Rio Grande Valley, Edinburg, TX",112,2019
"University of North Texas, Denton, TX",110,2019
"University of California-Santa Cruz, Santa Cruz, CA",108,2019
"University of Maryland-Baltimore County, Baltimore, MD",106,2019
"University of Nevada-Las Vegas, Las Vegas, NV",106,2019
"University of Cincinnati Main Campus, Cincinnati, OH",105,2019
"University of Delaware, Newark, DE",103,2019
"Xavier University of Louisiana, New Orleans, LA",103,2019
"City University of New York Brooklyn College, Brooklyn, NY",101,2019
"Howard University, Washington, DC",101,2019
"Oakland University, Rochester, MI",99,2019
"East Carolina University, Greenville, NC",98,2019
"Kansas State University, Manhattan, KS",98,2019
"Syracuse University, Syracuse, NY",97,2019
"Colorado State University, Fort Collins, CO",96,2019
"Brandeis University, Waltham, MA",95,2019
"Fordham University, Bronx, NY",95,2019
"Indiana University-Purdue University-Indianapolis, Indianapolis, IN",93,2019
"Iowa State University, Ames, IA",92,2019
"Marquette University, Milwaukee, WI",89,2019
"Southern Methodist University, Dallas, TX",88,2019
"The College Of New Jersey, Ewing, NJ",86,2019
"Massachusetts Institute of Technology, Cambridge, MA",85,2019
"Nova Southeastern University, Fort Lauderdale, FL",84,2019
"University of Toledo, Toledo, OH",83,2019
"Grand Valley State University, Allendale, MI",82,2019
"Oklahoma State University, Stillwater, OK",82,2019
"Texas Christian University, Fort Worth, TX",82,2019
"University of British Columbia, Vancouver, BC",81,2019
"Villanova University, Villanova, PA",80,2019
"University of North Dakota, Grand Forks, ND",79,2019
"University of Texas at El Paso, El Paso, TX",78,2019
"University of Dayton, Dayton, OH",77,2019
"Texas State University-San Marcos, San Marcos, TX",73,2019
"Wellesley College, Wellesley, MA",71,2019
"Barnard College, New York, NY",70,2019
"Santa Clara University, Santa Clara, CA",70,2019
"University of Vermont, Burlington, VT",70,2019
"Vassar College, Poughkeepsie, NY",70,2019
"Wesleyan University, Middletown, CT",70,2019
"College of Charleston, Charleston, SC",69,2019
"San Diego State University, San Diego, CA",69,2019
"Washington State University, Pullman, WA",69,2019
"University at Albany, SUNY, Albany, NY",68,2019
"Kent State University Kent Campus, Kent, OH",66,2019
"Middlebury College, Middlebury, VT",66,2019
"Central Michigan University, Mount Pleasant, MI",65,2019
"Montana State University-Bozeman, Bozeman, MT",65,2019
"Northern Arizona University, Flagstaff, AZ",65,2019
"Rhodes College, Memphis, TN",65,2019
"Brigham Young University-Idaho, Rexburg, ID",64,2019
"City University of New York The City College, New York, NY",64,2019
"Pomona College, Claremont, CA",64,2019
"St. Olaf College, Northfield, MN",64,2019
"State University of New York College at Geneseo, Geneseo, NY",64,2019
"Spelman College, Atlanta, GA",63,2019
"The University of Akron, Main Campus, Akron, OH",63,2019
"University of Michigan-Dearborn, Dearborn, MI",63,2019
"Furman University, Greenville, SC",62,2019
"James Madison University, Harrisonburg, VA",62,2019
"Portland State University, Portland, OR",62,2019
"Utah State University, Logan, UT",62,2019
"University of Colorado Denver | Anschutz Medical Campus, Denver, CO",60,2019
"Carnegie Mellon University, Pittsburgh, PA",59,2019
"Davidson College, Davidson, NC",59,2019
"Hofstra University, Hempstead, NY",59,2019
"The University of Scranton, Scranton, PA",59,2019
"California Polytechnic State University-San Luis Obispo, San Luis Obispo, CA",58,2019
"Lehigh University, Bethlehem, PA",58,2019
"Amherst College, Amherst, MA",57,2019
"Marshall University, Huntington, WV",57,2019
"Southern Adventist University, Collegedale, TN",57,2019
"University of South Alabama, Mobile, AL",57,2019
"Yeshiva University (New York, NY), New York, NY",57,2019
"Gonzaga University, Spokane, WA",56,2019
"Mercer University, Macon, GA",56,2019
"University of Denver, Denver, CO",56,2019
"College of the Holy Cross, Worcester, MA",55,2019
"East Tennessee State University, Johnson City, TN",55,2019
"Hendrix College, Conway, AR",55,2019
"Loyola Marymount University, Los Angeles, CA",55,2019
"North Dakota State University Main Campus, Fargo, ND",55,2019
"Queen's University at Kingston, Kingston, ON",55,2019
"York University, Toronto, ON",55,2019
"Colgate University, Hamilton, NY",54,2019
"San Francisco State University, San Francisco, CA",54,2019
"University of San Diego, San Diego, CA",54,2019
"University of Wisconsin-Milwaukee, Milwaukee, WI",53,2019
"Xavier University, Cincinnati, OH",53,2019
"Austin College, Sherman, TX",52,2019
"Univ Of Louisiana At Lafayette, Lafayette, LA",52,2019
"Liberty University, Lynchburg, VA",51,2019
"Augusta State University, Augusta, GA",50,2019
"Kennesaw State University, Kennesaw, GA",50,2019
"Rutgers University - Newark, Newark, NJ",50,2019
"Union College (Schnectady, NY), Schenectady, NY",50,2019
"University of Tulsa, Tulsa, OK",50,2019
"University of California-Los Angeles, Los Angeles, CA",1152,2020
"University of Texas at Austin, Austin, TX",903,2020
"University of Florida, Gainesville, FL",869,2020
"University of Michigan-Ann Arbor, Ann Arbor, MI",764,2020
"University of California-Berkeley, Berkeley, CA",728,2020
"University of California-San Diego, La Jolla, CA",621,2020
"The Ohio State University Main Campus, Columbus, OH",592,2020
"Texas A & M University, College Station, TX",541,2020
"University of Wisconsin-Madison, Madison, WI",521,2020
"University of Georgia, Athens, GA",483,2020
"University of North Carolina at Chapel Hill, Chapel Hill, NC",474,2020
"University of California-Davis, Davis, CA",461,2020
"Johns Hopkins University, Baltimore, MD",455,2020
"Rutgers University - New Brunswick, New Brunswick, NJ",451,2020
"Cornell University, Ithaca, NY",420,2020
"University of Washington, Seattle, WA",418,2020
"University of South Florida, Tampa, FL",409,2020
"Brigham Young University, Provo, UT",404,2020
"Michigan State University, East Lansing, MI",403,2020
"University of Virginia, Charlottesville, VA",393,2020
"Emory University, Atlanta, GA",387,2020
"University of Maryland-College Park, College Park, MD",383,2020
"Baylor University, Waco, TX",368,2020
"Washington University in St. Louis, St. Louis, MO",363,2020
"University of Minnesota, Minneapolis, MN",361,2020
"Louisiana St University and Agricultural and Mechanical Col, Baton Rouge, LA",360,2020
"University of Central Florida, Orlando, FL",356,2020
"University of California-Irvine, Irvine, CA",353,2020
"University of Illinois at Urbana-Champaign, Champaign, IL",351,2020
"Arizona State University, Tempe, AZ",345,2020
"University of Pennsylvania, Philadelphia, PA",343,2020
"University of Pittsburgh, Pittsburgh, PA",343,2020
"University of Arizona, Tucson, AZ",341,2020
"Florida State University, Tallahassee, FL",331,2020
"University of Southern California, Los Angeles, CA",318,2020
"The University of Texas at Dallas, Richardson, TX",316,2020
"Duke University, Durham, NC",310,2020
"University of Miami, Coral Gables, FL",301,2020
"Boston University, Boston, MA",300,2020
"New York University, New York, NY",285,2020
"Vanderbilt University, Nashville, TN",283,2020
"Brown University, Providence, RI",277,2020
"University of Houston, Houston, TX",271,2020
"University of Kentucky, Lexington, KY",271,2020
"Florida International University, Miami, FL",270,2020
"Indiana University-Bloomington, Bloomington, IN",270,2020
"University of Oklahoma Norman Campus, Norman, OK",269,2020
"Stony Brook University, Stony Brook, NY",261,2020
"Northwestern University-Evanston, Evanston, IL",258,2020
"Penn State University Park, University Park, PA",257,2020
"University of Notre Dame, Notre Dame, IN",257,2020
"University of California-Riverside, Riverside, CA",246,2020
"University of South Carolina Columbia, Columbia, SC",244,2020
"University of Connecticut, Storrs, CT",241,2020
"Wayne State University, Detroit, MI",241,2020
"Clemson University, Clemson, SC",235,2020
"University of Illinois at Chicago, Chicago, IL",227,2020
"Harvard University, Cambridge, MA",226,2020
"Loyola University Chicago, Chicago, IL",214,2020
"Stanford University, Stanford, CA",213,2020
"University of California-Santa Barbara, Santa Barbara, CA",211,2020
"The University of Alabama, Tuscaloosa, AL",210,2020
"Columbia University in the City of New York, New York, NY",206,2020
"Yale University, New Haven, CT",206,2020
"The University of Utah, Salt Lake City, UT",203,2020
"University of Toronto, Toronto, ON",203,2020
"Texas Tech University-Lubbock, Lubbock, TX",199,2020
"Tulane University, New Orleans, LA",199,2020
"University of Kansas Main Campus, Lawrence, KS",199,2020
"Boston College, Chestnut Hill, MA",197,2020
"Case Western Reserve University, Cleveland, OH",197,2020
"Rice University, Houston, TX",193,2020
"University of Colorado at Boulder, Boulder, CO",193,2020
"University of Tennessee-Knoxville, Knoxville, TN",192,2020
"Virginia Commonwealth University, Richmond, VA",189,2020
"Creighton University, Omaha, NE",186,2020
"University of Iowa, Iowa City, IA",186,2020
"Northeastern University, Boston, MA",185,2020
"Saint Louis University, St. Louis, MO",178,2020
"State University of New York at Binghamton, Binghamton, NY",178,2020
"University of Mississippi, University, MS",178,2020
"University of Puerto Rico-Rio Piedras Campus, San Juan, PR",177,2020
"Georgia Institute of Technology, Atlanta, GA",175,2020
"University of Chicago, Chicago, IL",175,2020
"University of Western Ontario, London, ON",171,2020
"University of Arkansas Main Campus, Fayetteville, AR",165,2020
"University of New Mexico-Main Campus, Albuquerque, NM",165,2020
"Georgetown University, Washington, DC",164,2020
"University of Missouri-Columbia, Columbia, MO",163,2020
"Auburn University, Auburn, AL",162,2020
"Tufts University, Medford, MA",162,2020
"Florida Atlantic University-Boca Raton, Boca Raton, FL",161,2020
"University of Massachusetts-Amherst, Amherst, MA",158,2020
"Temple University, Philadelphia, PA",156,2020
"College of William & Mary, Williamsburg, VA",155,2020
"University of Rochester, Rochester, NY",154,2020
"The University of Texas at San Antonio, San Antonio, TX",151,2020
"University of Alabama at Birmingham, Birmingham, AL",147,2020
"Dartmouth College, Hanover, NH",144,2020
"Purdue University-Main Campus, West Lafayette, IN",144,2020
"Virginia Polytechnic Institute and State University, Blacksburg, VA",141,2020
"George Washington University, Washington, DC",140,2020
"University of Nevada-Reno, Reno, NV",137,2020
"Mississippi State University, Mississippi State, MS",136,2020
"Georgia State University, Atlanta, GA",135,2020
"University of Nebraska - Lincoln, Lincoln, NE",133,2020
"Princeton University, Princeton, NJ",132,2020
"University at Buffalo-SUNY, Buffalo, NY",130,2020
"North Carolina State University, Raleigh, NC",129,2020
"University of Cincinnati Main Campus, Cincinnati, OH",128,2020
"University of Oregon, Eugene, OR",128,2020
"West Virginia University, Morgantown, WV",128,2020
"McMaster University, Hamilton, ON",127,2020
"Miami University, Oxford, OH",126,2020
"Wake Forest University, Winston-Salem, NC",125,2020
"City University of New York Hunter College, New York, NY",124,2020
"University of Maryland-Baltimore County, Baltimore, MD",121,2020
"University of Delaware, Newark, DE",118,2020
"McGill University, Montreal, QC",117,2020
"University of Louisville, Louisville, KY",117,2020
"Howard University, Washington, DC",116,2020
"University of Puerto Rico-Mayaguez Campus, Mayaguez, PR",115,2020
"Fordham University, Bronx, NY",114,2020
"George Mason University, Fairfax, VA",114,2020
"University of Hawaii at Manoa, Honolulu, HI",113,2020
"Drexel University, Philadelphia, PA",112,2020
"University of California-Santa Cruz, Santa Cruz, CA",112,2020
"The University of Texas at Arlington, Arlington, TX",109,2020
"The University of Texas Rio Grande Valley, Edinburg, TX",99,2020
"Colorado State University, Fort Collins, CO",92,2020
"Grand Valley State University, Allendale, MI",91,2020
"Kansas State University, Manhattan, KS",90,2020
"Oregon State University, Corvallis, OR",89,2020
"Southern Methodist University, Dallas, TX",89,2020
"Montana State University-Bozeman, Bozeman, MT",87,2020
"Iowa State University, Ames, IA",86,2020
"Portland State University, Portland, OR",86,2020
"City University of New York Brooklyn College, Brooklyn, NY",85,2020
"University of British Columbia, Vancouver, BC",85,2020
"Marquette University, Milwaukee, WI",84,2020
"Mercer University, Macon, GA",84,2020
"Syracuse University, Syracuse, NY",84,2020
"University at Albany, SUNY, Albany, NY",84,2020
"University of North Texas, Denton, TX",84,2020
"Indiana University-Purdue University-Indianapolis, Indianapolis, IN",83,2020
"University of Nevada-Las Vegas, Las Vegas, NV",83,2020
"University of North Dakota, Grand Forks, ND",83,2020
"Xavier University of Louisiana, New Orleans, LA",82,2020
"Brandeis University, Waltham, MA",79,2020
"San Diego State University, San Diego, CA",79,2020
"Texas Christian University, Fort Worth, TX",78,2020
"Oklahoma State University, Stillwater, OK",77,2020
"Oakland University, Rochester, MI",75,2020
"Rhodes College, Memphis, TN",75,2020
"Villanova University, Villanova, PA",75,2020
"Barnard College, New York, NY",73,2020
"Massachusetts Institute of Technology, Cambridge, MA",73,2020
"University of Colorado Denver | Anschutz Medical Campus, Denver, CO",73,2020
"Santa Clara University, Santa Clara, CA",72,2020
"Utah State University, Logan, UT",72,2020
"Brigham Young University-Idaho, Rexburg, ID",70,2020
"Georgia Southern University, Statesboro, GA",70,2020
"University of San Diego, San Diego, CA",69,2020
"East Carolina University, Greenville, NC",68,2020
"Marshall University, Huntington, WV",68,2020
"The College Of New Jersey, Ewing, NJ",68,2020
"James Madison University, Harrisonburg, VA",67,2020
"University of Toledo, Toledo, OH",66,2020
"College of Charleston, Charleston, SC",65,2020
"Vassar College, Poughkeepsie, NY",65,2020
"Wesleyan University, Middletown, CT",64,2020
"Amherst College, Amherst, MA",63,2020
"Pomona College, Claremont, CA",63,2020
"University of Texas at El Paso, El Paso, TX",63,2020
"Davidson College, Davidson, NC",62,2020
"East Tennessee State University, Johnson City, TN",62,2020
"University of Vermont, Burlington, VT",62,2020
"Augusta State University, Augusta, GA",61,2020
"Carnegie Mellon University, Pittsburgh, PA",61,2020
"City University of New York The City College, New York, NY",61,2020
"Nova Southeastern University, Fort Lauderdale, FL",61,2020
"Washington State University, Pullman, WA",61,2020
"Furman University, Greenville, SC",60,2020
"Northern Arizona University, Flagstaff, AZ",60,2020
"St. John's University, Queens, NY",60,2020
"State University of New York College at Geneseo, Geneseo, NY",60,2020
"Kent State University Kent Campus, Kent, OH",58,2020
"Rutgers University - Newark, Newark, NJ",58,2020
"Central Michigan University, Mount Pleasant, MI",57,2020
"Colgate University, Hamilton, NY",57,2020
"Spelman College, Atlanta, GA",57,2020
"Texas State University-San Marcos, San Marcos, TX",57,2020
"University of Portland, Portland, OR",57,2020
"Hofstra University, Hempstead, NY",56,2020
"University of Dayton, Dayton, OH",56,2020
"University of Michigan-Dearborn, Dearborn, MI",56,2020
"University of Missouri-Kansas City, Kansas City, MO",56,2020
"California Polytechnic State University-San Luis Obispo, San Luis Obispo, CA",55,2020
"Gonzaga University, Spokane, WA",55,2020
"Williams College, Williamstown, MA",55,2020
"Austin College, Sherman, TX",54,2020
"University of Central Arkansas, Conway, AR",54,2020
"Wellesley College, Wellesley, MA",54,2020
"Liberty University, Lynchburg, VA",52,2020
"University of St Thomas, Saint Paul, MN",52,2020
"California State University-Northridge, Northridge, CA",51,2020
"Louisiana Tech University, Ruston, LA",51,2020
"California State University-Long Beach, Long Beach, CA",50,2020
"The University of Akron, Main Campus, Akron, OH",50,2020
"United States Military Academy, West Point, NY",50,2020
"Yeshiva University (New York, NY), New York, NY",50,2020
